{
  "project_info": {
    "project_number": "30301959388",
    "project_id": "hexaride-fbdac",
    "storage_bucket": "hexaride-fbdac.appspot.com"
  },
  "client": [
    {
      "client_info": {
        "mobilesdk_app_id": "1:30301959388:android:7996efef475cd53be57019",
        "android_client_info": {
          "package_name": "com.sixamtech.hexaride"
        }
      },
      "oauth_client": [
        {
          "client_id": "30301959388-9vfboi8lf8p4v6jufb9qshenirfhjiis.apps.googleusercontent.com",
          "client_type": 3
        }
      ],
      "api_key": [
        {
          "current_key": "AIzaSyBOBlMVaPwdLMqRc3w4UxINo_cfrtwAGJA"
        }
      ],
      "services": {
        "appinvite_service": {
          "other_platform_oauth_client": [
            {
              "client_id": "30301959388-9vfboi8lf8p4v6jufb9qshenirfhjiis.apps.googleusercontent.com",
              "client_type": 3
            }
          ]
        }
      }
    },
    {
      "client_info": {
        "mobilesdk_app_id": "1:30301959388:android:317c8565a406f772e57019",
        "android_client_info": {
          "package_name": "com.sixamtech.hexaride.rider"
        }
      },
      "oauth_client": [
        {
          "client_id": "30301959388-9vfboi8lf8p4v6jufb9qshenirfhjiis.apps.googleusercontent.com",
          "client_type": 3
        }
      ],
      "api_key": [
        {
          "current_key": "AIzaSyBOBlMVaPwdLMqRc3w4UxINo_cfrtwAGJA"
        }
      ],
      "services": {
        "appinvite_service": {
          "other_platform_oauth_client": [
            {
              "client_id": "30301959388-9vfboi8lf8p4v6jufb9qshenirfhjiis.apps.googleusercontent.com",
              "client_type": 3
            }
          ]
        }
      }
    }
  ],
  "configuration_version": "1"
}